<?xml version="1.0" encoding="UTF-8"?>
<project-private xmlns="http://www.netbeans.org/ns/project-private/1">
    <editor-bookmarks xmlns="http://www.netbeans.org/ns/editor-bookmarks/2" lastBookmarkId="0"/>
    <open-files xmlns="http://www.netbeans.org/ns/projectui-open-files/2">
        <group>
            <file>file:/C:/Users/User/Pbl/IO/IO%20operation/src/ques3/ques3.java</file>
            <file>file:/C:/Users/User/Pbl/IO/IO%20operation/src/ques1.java</file>
            <file>file:/C:/Users/User/Pbl/IO/IO%20operation/src/ques2.java</file>
        </group>
    </open-files>
</project-private>
